item,test,proposed,judgement_blind,judgement_with_reasons,note
1,"examples/pipeline/document/tree/tree_test.go#TestRequirementLookup","SR-33","correct","correct",""
2,"checkly/scenarios_test.go#TestScenarios","SR-46","incorrect","incorrect",""
3,"adapter/model/model_test.go#TestAttributeShapes","US-08","incorrect","incorrect",""
4,"adapter/model/model_test.go#TestBuildRefusals","SR-45","incorrect","incorrect",""
5,"adapter/model/model_test.go#TestBuildRefusals","SR-26","incorrect","incorrect",""
6,"examples/pipeline/document/scenarios_test.go#TestScenarios","SR-46","incorrect","incorrect",""
7,"adapter/model/scenarios_test.go#TestScenarios","SR-46","incorrect","incorrect",""
8,"cmd/sysml-federation/main_test.go#TestServeFailsWhenTheRouterDies","VC_SR_15","incorrect","incorrect",""
9,"examples/pipeline/capacity/capacity_test.go#TestHealth","SR-28","incorrect","incorrect",""
10,"internal/tabletest/tabletest_test.go#TestRunErrMatchesTheNamedSentinel","SC-04","incorrect","incorrect",""
11,"internal/scenario/scenario_test.go#TestSuiteRunsTheTaggedScenarioWithItsSteps","SR-46","incorrect","incorrect",""
12,"internal/scenario/scenario_test.go#TestSuiteGivesEachExampleAFreshWorld","SR-46","incorrect","incorrect",""
13,"examples/pipeline/ui/ui_test.go#TestEveryModuleParses","VC_SR_18","incorrect","incorrect",""
14,"adapter/serve/server_test.go#TestHandlerServesPostAndHealth","SR-01","incorrect","incorrect",""
15,"adapter/serve/server_test.go#TestHandlerServesPostAndHealth","SR-02","incorrect","incorrect",""
16,"adapter/syntax/parser_test.go#TestParseAttributeWithBody","UC_04_RaiseTheBottleneck::raiseParse","incorrect","incorrect",""
17,"adapter/model/model_test.go#TestLinkRefusals","CHK_Refusals","incorrect","incorrect",""
18,"adapter/syntax/parser_test.go#TestParseAttributeWithBody","SR-18","incorrect","incorrect",""
19,"internal/assert/assert_test.go#TestNotEqual","SR-04","incorrect","incorrect",""
20,"adapter/syntax/parser_test.go#TestParseUnitIsAQualifiedName","SR-18","incorrect","incorrect",""
21,"adapter/syntax/parser_test.go#TestParseUnitIsAQualifiedName","SR-21","incorrect","incorrect",""
22,"adapter/syntax/scenarios_test.go#TestScenarios","SR-46","incorrect","incorrect",""
23,"adapter/syntax/lexer_test.go#TestLexSpansAreByteOffsets","SR-18","incorrect","incorrect",""
24,"internal/scenario/scenario_test.go#TestSuiteRunsNothingForATagNoScenarioCarries","SR-46","incorrect","incorrect",""
25,"internal/scenario/scenario_test.go#TestSuiteRunsNothingForATagNoScenarioCarries","SR-32","incorrect","incorrect",""
26,"examples/pipeline/document/tree/tree_test.go#TestLoadRefusesDuplicateIDs","VC_SR_19","incorrect","incorrect",""
27,"cmd/sysml-federation/main_test.go#TestRouterRunsAsAChildProcess","Router","correct","correct",""
28,"adapter/model/model_test.go#TestLinkRefusals","SR-45","incorrect","incorrect",""
29,"adapter/model/model_test.go#TestLinkRefusals","SR-26","incorrect","incorrect",""
30,"cmd/sysml-federation/main_test.go#TestServerDrainIsBoundedByItsTimeout","SR-47","incorrect","incorrect",""
31,"cmd/sysml-federation/main_test.go#TestServerDrainIsBoundedByItsTimeout","SR-24","incorrect","incorrect",""
32,"cmd/sysml-federation/main_test.go#TestSubcommandsServeOneComponent","US-02","incorrect","incorrect",""
33,"adapter/syntax/lexer_test.go#TestLexKindsAndText","SR-18","correct","correct",""
34,"adapter/syntax/lexer_test.go#TestLexKindsAndText","SR-22","incorrect","incorrect",""
35,"internal/tabletest/tabletest_test.go#TestRunErrExercisesEveryCase","VC_SR_29","incorrect","incorrect",""
36,"internal/tabletest/tabletest_test.go#TestRunErrExercisesEveryCase","VC_SR_35","incorrect","incorrect",""
37,"adapter/syntax/parser_test.go#TestParsePackageHeaderAndImports","SR-18","incorrect","incorrect",""
38,"internal/assert/assert_test.go#TestTrue","SC-04","incorrect","incorrect",""
39,"adapter/syntax/lexer_test.go#TestLexErrorsCarryFileLineAndColumn","SR-18","correct","correct",""
40,"internal/assert/assert_test.go#TestContains","SC-04","incorrect","incorrect",""
41,"internal/tabletest/tabletest_test.go#TestRunExercisesEveryCase","SC-04","incorrect","incorrect",""
42,"examples/pipeline/document/tree/tree_test.go#TestRefusals","SR-24","incorrect","incorrect",""
43,"examples/pipeline/document/tree/tree_test.go#TestRefusals","SR-25","incorrect","incorrect",""
44,"examples/pipeline/document/tree/tree_test.go#TestRefusals","SR-33","incorrect","incorrect",""
45,"examples/pipeline/ui/ui_test.go#TestBothAppsRefetchWhenTheTabIsSeenAgain","SR-39","correct","correct",""
46,"adapter/model/model_test.go#TestBuildRefusals","CHK_Refusals","incorrect","incorrect",""
47,"examples/pipeline/capacity/capacity_test.go#TestHealth","VC_SR_48","incorrect","incorrect",""
48,"examples/pipeline/capacity/capacity_test.go#TestHealth","VC_SR_04","incorrect","incorrect",""
49,"internal/scenario/scenario_test.go#TestElsewhereKindsAreNotGoTestsOrScenarios","SR-30","incorrect","incorrect",""
50,"internal/scenario/scenario_test.go#TestElsewhereKindsAreNotGoTestsOrScenarios","SR-46","incorrect","incorrect",""
51,"adapter/syntax/parser_test.go#TestExampleModelParses","SR-17","incorrect","incorrect",""
52,"adapter/syntax/parser_test.go#TestExampleModelParses","SR-18","incorrect","incorrect",""
53,"adapter/model/model_test.go#TestAttributeShapes","CHK_Us08ShapeTheDocument","incorrect","incorrect",""
54,"cmd/sysml-federation/main_test.go#TestRouterRunsAsAChildProcess","SR-03","incorrect","incorrect",""
55,"examples/pipeline/ui/scenarios_test.go#TestScenarios","SC-06","incorrect","incorrect",""
56,"examples/pipeline/ui/ui_test.go#TestANodeListKeepsRoomPastItsLastRow","SR-37","incorrect","incorrect",""
57,"cmd/sysml-federation/main_test.go#TestRouterFromEnvReadsTheThreePaths","CHK_RouterJoin","incorrect","incorrect",""
58,"adapter/projection/projection_test.go#TestAnUntypedPartPublishesNoDefinition","SR-16","incorrect","incorrect",""
59,"examples/pipeline/document/document_test.go#TestEntityAnswersForUnknownIDs","VAL_US_11","incorrect","incorrect",""
60,"examples/pipeline/document/document_test.go#TestEntityAnswersForUnknownIDs","CHK_Us11QueryTheGraph","incorrect","incorrect",""
61,"examples/pipeline/document/tree/tree_test.go#TestLoadRefusesDuplicateIDs","SR-33","incorrect","incorrect",""
62,"examples/pipeline/document/tree/tree_test.go#TestRefusals","US-15","incorrect","incorrect",""
63,"adapter/syntax/lexer_test.go#TestReservedWordsAreKeywords","SR-18","incorrect","incorrect",""
64,"adapter/syntax/lexer_test.go#TestReservedWordsAreKeywords","SR-11","incorrect","incorrect",""
65,"adapter/projection/projection_test.go#TestQueriesServeEveryFieldOfTheProjection","SR-43","incorrect","incorrect",""
66,"adapter/projection/projection_test.go#TestQueriesServeEveryFieldOfTheProjection","SR-22","incorrect","incorrect",""
67,"internal/assert/assert_test.go#TestMapEqual","SC-04","incorrect","incorrect",""
68,"internal/assert/assert_test.go#TestErrorAs","SC-04","incorrect","incorrect",""
69,"examples/pipeline/document/tree/tree_test.go#TestRequirementLookup","VC_SR_37","incorrect","incorrect",""
70,"adapter/projection/scenarios_test.go#TestScenarios","SR-46","incorrect","incorrect",""
71,"adapter/model/eval_test.go#TestEvalRefusals","VAL_US_15","incorrect","incorrect",""
72,"adapter/model/model_test.go#TestAttributeShapes","VAL_US_08","incorrect","incorrect",""
73,"adapter/syntax/parser_test.go#TestParsePackageHeaderAndImports","VC_SC_03","incorrect","incorrect",""
74,"cmd/sysml-federation/main_test.go#TestSubcommandsServeOneComponent","VC_SR_01","incorrect","incorrect",""
75,"adapter/syntax/parser_test.go#TestParseAttributeWithBody","CHK_RouterPlayground::expectAnHtmlPage","incorrect","incorrect",""
76,"examples/pipeline/document/tree/tree_test.go#TestRefusals","CHK_Refusals","incorrect","incorrect",""
77,"cmd/sysml-federation/main_test.go#TestStopBudgetFitsAContainerGrace","VC_SR_07","incorrect","incorrect",""
78,"cmd/sysml-federation/main_test.go#TestStopBudgetFitsAContainerGrace","VC_SR_06","incorrect","incorrect",""
79,"internal/tabletest/tabletest_test.go#TestRunErrExercisesEveryCase","VAL_US_13","incorrect","incorrect",""
80,"adapter/model/model_test.go#TestRelationships","SR-45","incorrect","incorrect",""
81,"adapter/model/model_test.go#TestRelationships","SR-26","incorrect","incorrect",""
82,"internal/tabletest/tabletest_test.go#TestRunErrExercisesEveryCase","SR-35","incorrect","incorrect",""
83,"examples/pipeline/isolation_test.go#TestEveryEditorialOperationIsAcceptedThroughTheGraph","SR-35","incorrect","incorrect",""
84,"internal/scenario/scenario_test.go#TestReadNamesAFileGodogCannotParse","CHK_Us02ReadTheModel","incorrect","incorrect",""
85,"internal/scenario/scenario_test.go#TestRunRunsEachCriterionInASubtestOfItsStory","SR-46","incorrect","incorrect",""
86,"examples/pipeline/capacity/flow/flow_test.go#TestRollupNamesTheFaultyChild","SR-28","incorrect","incorrect",""
87,"adapter/model/model_test.go#TestPartsTreeAttributesAndPorts","SR-16","correct","correct",""
88,"adapter/model/model_test.go#TestPartsTreeAttributesAndPorts","SR-45","incorrect","incorrect",""
89,"internal/scenario/scenario_test.go#TestReadReportsAFileWithNothingToRun","SR-46","incorrect","incorrect",""
90,"adapter/syntax/parser_test.go#TestParseRequirements","VC_SR_38","incorrect","incorrect",""
91,"adapter/syntax/parser_test.go#TestParseRequirements","VC_SR_37","incorrect","incorrect",""
92,"internal/assert/assert_test.go#TestNotEqual","SC-04","incorrect","incorrect",""
93,"cmd/sysml-federation/main_test.go#TestUIRefusesADirectoryWithNoPage","SC-04","incorrect","incorrect",""
94,"adapter/syntax/parser_test.go#TestParsePortsConnectAndSatisfy","US-11","incorrect","incorrect",""
95,"cmd/sysml-federation/main_test.go#TestRunDispatchesSubcommandsAndExitCodes","SR-47","incorrect","incorrect",""
96,"cmd/sysml-federation/main_test.go#TestRunDispatchesSubcommandsAndExitCodes","SR-01","incorrect","incorrect",""
97,"cmd/sysml-federation/main_test.go#TestUIRefusesToListTheSharedDirectory","CHK_Refusals","incorrect","incorrect",""
98,"adapter/model/model_test.go#TestLinkRefusals","VAL_US_15","incorrect","incorrect",""
99,"adapter/model/eval_test.go#TestEvalRefusals","VC_SR_18","incorrect","incorrect",""
100,"cmd/sysml-federation/main_test.go#TestServeFailsWhenTheRouterDies","SR-15","incorrect","incorrect",""
101,"cmd/sysml-federation/main_test.go#TestServeFailsWhenTheRouterDies","SR-03","incorrect","incorrect",""
102,"cmd/sysml-federation/main_test.go#TestServeFailsWhenTheRouterDies","SR-47","incorrect","incorrect",""
103,"cmd/sysml-federation/main_test.go#TestStopBudgetFitsAContainerGrace","CHK_SessionHeartbeat","incorrect","incorrect",""
104,"cmd/sysml-federation/main_test.go#TestSubcommandsServeOneComponent","VAL_US_02","incorrect","incorrect",""
105,"adapter/syntax/parser_test.go#TestParseDerivationAndVerification","SR-18","incorrect","incorrect",""
106,"adapter/syntax/parser_test.go#TestParseExpressionPrecedenceAndSpans","SR-25","incorrect","incorrect",""
107,"adapter/syntax/parser_test.go#TestParseExpressionPrecedenceAndSpans","SR-18","incorrect","incorrect",""
108,"adapter/syntax/parser_test.go#TestParseExpressionPrecedenceAndSpans","VC_SR_25","incorrect","incorrect",""
109,"examples/pipeline/document/document_test.go#TestEntityAnswersForUnknownIDs","SR-27","incorrect","incorrect",""
110,"internal/assert/assert_test.go#TestDeepEqualDoesNotPanicOnErrors","CHK_TraceCorrelation","incorrect","incorrect",""
111,"adapter/serve/scenarios_test.go#TestScenarios","SR-46","incorrect","incorrect",""
112,"examples/pipeline/document/scenarios_test.go#TestScenarios","SC-06","incorrect","incorrect",""
113,"examples/pipeline/document/scenarios_test.go#TestScenarios","SC-04","incorrect","incorrect",""
114,"adapter/model/patch_internal_test.go#TestPatchGuardsItsInputs","SR-22","correct","correct",""
115,"adapter/model/patch_internal_test.go#TestPatchGuardsItsInputs","SR-25","incorrect","incorrect",""
116,"examples/pipeline/capacity/flow/scenarios_test.go#TestScenarios","SR-46","incorrect","incorrect",""
117,"internal/assert/assert_test.go#TestErrorIs","SC-04","incorrect","incorrect",""
118,"examples/pipeline/scenarios_test.go#TestScenarios","SR-46","incorrect","incorrect",""
119,"adapter/model/eval_test.go#TestEvalRefusals","SR-26","incorrect","incorrect",""
120,"adapter/model/eval_test.go#TestEvalRefusals","SR-24","incorrect","incorrect",""
121,"adapter/model/eval_test.go#TestEvalRefusals","SR-25","incorrect","incorrect",""
122,"cmd/sysml-federation/scenarios_test.go#TestScenarios","req-AD-0034","correct","correct",""
123,"examples/pipeline/capacity/scenarios_test.go#TestScenarios","demo::capacity","correct","correct",""
124,"internal/assert/assert_test.go#TestSliceEqual","CHK_RouterRootRedirect","incorrect","incorrect",""
125,"internal/assert/assert_test.go#TestTrue","CHK_Us09EditFromDocument","incorrect","incorrect",""
126,"adapter/model/model_test.go#TestAttributeShapes","SR-45","incorrect","incorrect",""
127,"adapter/model/model_test.go#TestAttributeShapes","SR-26","incorrect","incorrect",""
128,"adapter/projection/projection_test.go#TestUnknownIDsAreErrors","SR-22","incorrect","incorrect",""
129,"examples/pipeline/ui/ui_test.go#TestEveryModuleParses","VC_SC_04","incorrect","incorrect",""
130,"adapter/syntax/parser_test.go#TestParseRequirements","SR-18","incorrect","incorrect",""
131,"cmd/sysml-federation/main_test.go#TestServeFailsWhenTheRouterDies","Router","incorrect","incorrect",""
132,"examples/pipeline/capacity/capacity_test.go#TestLeafCapacityIsItsOwnAttribute","SR-28","correct","correct",""
133,"cmd/sysml-federation/main_test.go#TestServeHandsTheRouterItsConfigurationFile","SR-03","correct","correct",""
134,"cmd/sysml-federation/main_test.go#TestServeHandsTheRouterItsConfigurationFile","SR-02","incorrect","incorrect",""
135,"internal/scenario/scenario_test.go#TestSuiteFailsAStepWithNoDefinition","SR-46","incorrect","incorrect",""
136,"cmd/sysml-federation/main_test.go#TestHelperRouter","SR-03","incorrect","incorrect",""
137,"internal/scenario/scenario_test.go#TestReadFindsEachScenariosCriterionAndItsEvidence","SR-46","incorrect","incorrect",""
138,"examples/pipeline/ui/ui_test.go#TestEveryModuleParses","SC-06","incorrect","incorrect",""
139,"cmd/sysml-federation/main_test.go#TestStopBudgetFitsAContainerGrace","SR-48","incorrect","incorrect",""
140,"cmd/sysml-federation/main_test.go#TestStopBudgetFitsAContainerGrace","SR-06","incorrect","incorrect",""
141,"examples/pipeline/ui/ui_test.go#TestPureModulesUnderNode","SC-05","incorrect","incorrect",""
142,"internal/assert/assert_test.go#TestDeepEqual","SC-04","incorrect","incorrect",""
143,"internal/tabletest/tabletest_test.go#TestRunErrExercisesEveryCase","US-13","incorrect","incorrect",""
144,"internal/scenario/scenario_test.go#TestReadNamesAFileGodogCannotParse","SR-46","incorrect","incorrect",""
145,"cmd/sysml-federation/main_test.go#TestUIRefusesToListTheSharedDirectory","SR-44","incorrect","incorrect",""
146,"internal/assert/assert_test.go#TestNoError","SC-04","incorrect","incorrect",""
147,"internal/scenario/scenario_test.go#TestReadReportsWhatTheAgreementCannotRead","SR-46","correct","correct",""
148,"cmd/sysml-federation/main_test.go#TestAddressesMatchTheComposedConfiguration","SR-03","incorrect","correct",""
149,"adapter/projection/scenarios_test.go#TestScenarios","SC-04","incorrect","incorrect",""
150,"internal/assert/assert_test.go#TestSliceEqual","SC-04","incorrect","incorrect",""
151,"internal/assert/assert_test.go#TestMust","SC-04","incorrect","incorrect",""
152,"cmd/sysml-federation/main_test.go#TestRouterRunsAsAChildProcess","VC_SR_02","incorrect","incorrect",""
153,"cmd/sysml-federation/main_test.go#TestRouterRunsAsAChildProcess","VC_SR_09","incorrect","incorrect",""
154,"cmd/sysml-federation/main_test.go#TestHealthcheckProbesThePublishedPort","SR-10","incorrect","incorrect",""
155,"cmd/sysml-federation/main_test.go#TestHealthcheckProbesThePublishedPort","SR-04","incorrect","incorrect",""
156,"internal/assert/assert_test.go#TestDeepEqualDoesNotPanicOnUnexportedFields","SC-04","incorrect","incorrect",""
157,"adapter/syntax/parser_test.go#TestParseDefinitionsAndParts","SR-18","incorrect","incorrect",""
158,"internal/assert/assert_test.go#TestLen","SC-04","incorrect","incorrect",""
159,"cmd/sysml-federation/scenarios_test.go#TestScenarios","SR-46","incorrect","incorrect",""
160,"internal/assert/assert_test.go#TestEqualFails","SC-04","incorrect","incorrect",""
161,"internal/assert/assert_test.go#TestDeepEqualDoesNotPanicOnErrors","CHK_Us07ReorderAndNest","incorrect","incorrect",""
162,"adapter/model/model_test.go#TestLinkRefusals","VC_SR_18","incorrect","incorrect",""
163,"examples/pipeline/document/document_test.go#TestARefusedMutationIsAnErrorAndLeavesTheVersion","SR-18","incorrect","incorrect",""
164,"examples/pipeline/document/document_test.go#TestARefusedMutationIsAnErrorAndLeavesTheVersion","SR-27","incorrect","incorrect",""
165,"examples/pipeline/document/document_test.go#TestARefusedMutationIsAnErrorAndLeavesTheVersion","SR-25","incorrect","incorrect",""
166,"cmd/sysml-federation/main_test.go#TestServeRefusesAModelItCannotRead","SR-47","incorrect","incorrect",""
167,"internal/trace/scenarios_test.go#TestScenarios","SR-46","correct","correct",""
168,"examples/pipeline/capacity/capacity_test.go#TestHealth","CHK_RouterHealthNotProxied","incorrect","incorrect",""
169,"internal/tabletest/tabletest_test.go#TestRunErrExercisesEveryCase","SC-04","incorrect","incorrect",""
170,"adapter/syntax/parser_test.go#TestParseNegativeLiteralSpanIncludesTheSign","SR-18","incorrect","incorrect",""
171,"examples/pipeline/scenarios_test.go#TestScenarios","SC-04","incorrect","incorrect",""
172,"adapter/scenarios_test.go#TestScenarios","SR-46","incorrect","incorrect",""
173,"cmd/sysml-federation/main_test.go#TestStopRouterKillsAChildThatIgnoresSIGTERM","SR-03","incorrect","incorrect",""
174,"examples/pipeline/ui/scenarios_test.go#TestScenarios","SR-46","incorrect","incorrect",""
175,"adapter/model/eval_test.go#TestEvalRefusals","CHK_Refusals","incorrect","incorrect",""
176,"internal/assert/assert_test.go#TestContainsAcceptsANamedSliceType","SC-04","incorrect","incorrect",""
177,"internal/assert/assert_test.go#TestDeepEqualDoesNotPanicOnErrors","SC-04","incorrect","incorrect",""
178,"examples/pipeline/document/tree/tree_test.go#TestEditText","SR-33","incorrect","incorrect",""
179,"adapter/syntax/parser_test.go#TestParseAttributeWithBody","VC_SR_28::aLeafReadsItsOwnAttributeScenario","incorrect","incorrect",""
180,"adapter/syntax/parser_test.go#TestParsePackageHeaderAndImports","VC_SR_41","incorrect","incorrect",""
181,"adapter/syntax/parser_test.go#TestParsePackageHeaderAndImports","VC_SR_36","incorrect","incorrect",""
182,"cmd/sysml-federation/main_test.go#TestSubcommandsServeOneComponent","SR-47","incorrect","incorrect",""
183,"cmd/sysml-federation/main_test.go#TestSubcommandsServeOneComponent","SR-01","incorrect","incorrect",""
184,"adapter/projection/projection_test.go#TestEntitiesResolveTheThreeKeyedTypes","SR-43","incorrect","incorrect",""
185,"adapter/projection/projection_test.go#TestEntitiesResolveTheThreeKeyedTypes","SR-22","incorrect","incorrect",""
186,"examples/pipeline/ui/ui_test.go#TestEveryModuleParses","SR-18","incorrect","incorrect",""
187,"cmd/sysml-federation/main_test.go#TestRouterFromEnvReadsTheThreePaths","SR-03","correct","correct",""
188,"adapter/syntax/lexer_test.go#TestPosition","SR-18","incorrect","incorrect",""
189,"examples/pipeline/capacity/scenarios_test.go#TestScenarios","SR-28","incorrect","incorrect",""
190,"examples/pipeline/capacity/scenarios_test.go#TestScenarios","SR-46","incorrect","incorrect",""
191,"internal/assert/assert_test.go#TestError","SC-04","incorrect","incorrect",""
192,"cmd/sysml-federation/main_test.go#TestHealthcheckFailsWhenEitherProbeFails","SR-47","incorrect","incorrect",""
193,"cmd/sysml-federation/main_test.go#TestHealthcheckFailsWhenEitherProbeFails","SR-15","incorrect","incorrect",""
194,"internal/assert/assert_test.go#TestEqualPasses","SC-04","incorrect","incorrect",""
195,"adapter/syntax/parser_test.go#TestParsePortsConnectAndSatisfy","SR-20","incorrect","incorrect",""
196,"adapter/syntax/parser_test.go#TestParsePortsConnectAndSatisfy","SR-18","incorrect","incorrect",""
197,"cmd/sysml-federation/main_test.go#TestUIRefusesToListTheSharedDirectory","SC-01","incorrect","incorrect",""
198,"examples/pipeline/capacity/flow/scenarios_test.go#TestScenarios","req_AD-0034","correct","correct",""
